{"batch_size": 16, "learning_rate": 2.9985044090541438e-05, "epochs": 2, "warmup_steps": 114, "weight_decay": 0.026129923368583503}